year,cluster
2020,0
2021,0
2021,3
2021,3
2022,0
2022,0
2022,3
2022,3
2022,4
2023,0
2023,0
2023,0
2023,0
2023,1
2023,1
2023,1
2023,1
2023,2
2023,2
2023,3
2023,4
2023,4
2023,5
2023,5
2023,5
2023,5
2024,0
2024,0
2024,0
2024,0
2024,1
2024,1
2024,1
2024,2
2024,2
2024,2
2024,2
2024,2
2024,4
2024,5
2024,5
2024,5
2024,5
2025,1
2025,4
2025,4
